display_id,name,rarity,rarity_value,archetype,trend,frame,valor_brl,description,color_token,effect,contrast,hash
"KRV-001","Ghostflu√™nc","trash","15","Influ√™ncia","22","default","0.5","Perdeu 10k seguidores num dia. Agora vende curso de ""como voltar ao topo"".","#6B6B6B","low","-7","df61cfdc4705"
"KRV-002","ScrollZumbi","trash","12","Pregui√ßa","18","default","0.45","Rolou 4h sem parar. Esqueceu o que tava procurando.","#6B6B6B","low","-6","e1a4563ebe22"
"KRV-003","SkyMentira","trash","18","Informa√ß√£o","25","default","0.55","Espalha fake news no grupo da fam√≠lia. Acha que t√° ""abrindo olhos"".","#6B6B6B","low","-7","49453f1336e3"
"KRV-004","VapeDev","trash","14","Consumo","20","default","0.48","Code bootcamp dropout. Agora vende curso de ""programa√ß√£o sem esfor√ßo"".","#6B6B6B","low","-6","f76305ec04ab"
"KRV-005","BetZeroum","trash","16","Gan√¢ncia","23","default","0.52","Perdeu 2 sal√°rios em apostas. ""Estrat√©gia falhou, mas vou recuperar"".","#6B6B6B","low","-7","5d48949db7b7"
"KRV-006","DropVoid","trash","13","Consumo","19","default","0.47","Dropshipping sem vendas. 50 produtos, 0 clientes.","#6B6B6B","low","-6","bc1a736ddcdb"
"KRV-007","RaivaTuite","trash","17","Impulso","24","default","0.54","Discute com desconhecidos 24/7. Energia: √≥dio gratuito.","#6B6B6B","low","-7","8954ca3a2165"
"KRV-008","FollowFake","trash","11","Influ√™ncia","17","default","0.44","Comprou 10k seguidores. Engajamento: 3 likes.","#6B6B6B","low","-6","f6ea2467c936"
"KRV-009","ClipeC√≥pia","trash","14","Pregui√ßa","21","default","0.49","Repostou o mesmo meme 50 vezes. Acha que vai viralizar.","#6B6B6B","low","-7","a430a7ffef41"
"KRV-010","CriptoRekt","trash","19","Gan√¢ncia","26","default","0.56","Investiu na moeda errada. Agora explica ""por que n√£o era scam"".","#6B6B6B","low","-7","f365a8fc5f1a"
"KRV-011","PodcastV√£o","trash","12","Influ√™ncia","18","default","0.46","30 epis√≥dios, 5 ouvintes. Temas: ""como escalar"" e ""mindset"".","#6B6B6B","low","-6","63a3ff2c9001"
"KRV-012","StoryFalso","trash","15","Consumo","22","default","0.51","Aluga carro pra fingir sucesso. 3 stories por dia de ""lifestyle"".","#6B6B6B","low","-7","6aeb53b3dcdd"
"KRV-013","LikeBot","trash","10","Impulso","16","default","0.42","Curtiu 1000 posts sem ler nenhum. Scroll autom√°tico.","#6B6B6B","low","-6","46ac9ebe6666"
"KRV-014","TrendLate","trash","13","Pregui√ßa","20","default","0.48","Dan√ßa trend de 6 meses atr√°s. Acha que t√° na vibe.","#6B6B6B","low","-7","76b3cc8eb97f"
"KRV-015","GrindGhost","trash","16","Gan√¢ncia","23","default","0.53","Hustla 24/7 mas n√£o ganha nada. ""Processo"" sem resultado.","#6B6B6B","low","-7","b8d4605533e4"
"KRV-016","ReelCringe","trash","14","Influ√™ncia","21","default","0.49","Transi√ß√£o mal editada. Som atrasado. Posted anyway.","#6B6B6B","low","-7","9555e6b117a2"
"KRV-017","BioClich√™","trash","11","Consumo","17","Viagem √© vida ‚úàÔ∏è","0.44","""CEO da pr√≥pria vida üí™","#6B6B6B","low","-6","a71ae71540c9"
"KRV-018","MemeLixo","trash","12","Pregui√ßa","19","default","0.47","Reposta meme de 2019. Sem contexto. 2 coment√°rios: ""???"".","#6B6B6B","low","-7","361e705ae9c1"
"KRV-019","HypeZero","trash","15","Impulso","22","default","0.51","Anunciou projeto. Sumiu. Voltou 1 ano depois com ""coming soon"".","#6B6B6B","low","-7","2838a074a519"
"KRV-020","SpamLord","trash","13","Gan√¢ncia","20","default","0.48","Envia DM com link de afiliado. Bloqueado 500 vezes.","#6B6B6B","low","-7","8ec8008557f8"
"KRV-021","CursoFail","trash","17","Gan√¢ncia","24","default","0.54","Vende mentoria sem resultado. ""Mas os outros conseguiram"".","#6B6B6B","low","-7","cd4c79234cbb"
"KRV-022","TikFlopado","trash","14","Influ√™ncia","21","default","0.49","50 v√≠deos postados. Melhor resultado: 73 views.","#6B6B6B","low","-7","81798e4d05aa"
"KRV-023","NFTOrf√£","trash","18","Consumo","25","default","0.55","Comprou JPEG por 2 ETH. Valor atual: $12.","#6B6B6B","low","-7","f6f314a7173d"
"KRV-024","ThreadSeco","trash","12","Pregui√ßa","18","default","0.46","Thread de 15 tweets. 1 like. Do pr√≥prio perfil.","#6B6B6B","low","-6","492b3c605280"
"KRV-025","PinEterno","trash","11","Impulso","17","default","0.44","Pinou tweet de 2 anos. Ningu√©m leu.","#6B6B6B","low","-6","dd0d65b79709"
"KRV-026","PlayViciado","trash","16","Pregui√ßa","23","default","0.52","8h/dia de jogo. 0h de produtividade. ""Mas sou streamer"".","#6B6B6B","low","-7","df2963126703"
"KRV-027","GigEscrav","trash","19","Gan√¢ncia","26","default","0.56","Entregador 12h/dia. Ganha menos que sal√°rio m√≠nimo. ""Liberdade"".","#6B6B6B","low","-7","7198d20edcba"
"KRV-028","MetaGado","trash","13","Influ√™ncia","20","default","0.48","Segue todo trend. Zero personalidade. Clone algor√≠tmico.","#6B6B6B","low","-7","f4ede4d900eb"
"KRV-029","ResenhaBot","trash","10","Pregui√ßa","16","default","0.42","Comenta ""Top!"" em 200 posts. Todos geridos por bot.","#6B6B6B","low","-6","993c927bf37a"
"KRV-030","FakeGuru","trash","15","Gan√¢ncia","22","default","0.51","Vendeu curso. Conte√∫do: print de artigo do Google.","#6B6B6B","low","-7","c11c70ae1ff7"
"KRV-031","DoomScroll","trash","14","Pregui√ßa","21","default","0.49","4h di√°rias no feed. Absorveu: nada. Energia: drenada.","#6B6B6B","low","-7","144d25b45be0"
"KRV-032","BuzzVazio","trash","12","Informa√ß√£o","19","default","0.47","Clickbait master. T√≠tulo: üî•. Conte√∫do: 404.","#6B6B6B","low","-7","f53cbbf27aa2"
"KRV-033","ImpulsoShop","trash","16","Consumo","23","default","0.53","Comprou 50 itens online. Usou 2. Resto: doa√ß√£o.","#6B6B6B","low","-7","c07e44f1d4a4"
"KRV-034","RageBait","trash","18","Impulso","25","default","0.55","Posta coisa pol√™mica s√≥ pra gerar rage. Comenta os √≥dios: lucro.","#6B6B6B","low","-7","47a046542d07"
"KRV-035","LurkShadow","trash","11","Pregui√ßa","17","default","0.44","3 anos sem postar. S√≥ stalkeando. Perfil privado.","#6B6B6B","low","-6","a7b779cd2e49"
"KRV-036","BioLink","trash","13","Gan√¢ncia","20","default","0.48","Link na bio com 30 redirecionamentos. Tr√°fego: 0.","#6B6B6B","low","-7","d1db020f63d0"
"KRV-037","ViewFake","trash","15","Influ√™ncia","22","default","0.51","Comprou views. Algoritmo detectou. Shadowbanned.","#6B6B6B","low","-7","95f3ced098d0"
"KRV-038","BolaEco","trash","14","Informa√ß√£o","21","default","0.49","Vive em bolha ideol√≥gica. S√≥ segue quem concorda.","#6B6B6B","low","-7","f2d05f74ddd8"
"KRV-039","BurnZumbi","trash","17","Pregui√ßa","24","default","0.54","Burnout fingido. Trabalha 2h/dia. Reclama 6h.","#6B6B6B","low","-7","6fe36fdeab6a"
"KRV-040","ShillLost","trash","12","Gan√¢ncia","19","default","0.47","Shillou 20 projetos. Todos ruggados. Pr√≥ximo: ""confia"".","#6B6B6B","low","-7","0c6063e29c9c"
"KRV-041","AlfaPretnd","trash","16","Influ√™ncia","23","default","0.52","Se diz alfa. Mora com os pais. Nunca teve relacionamento.","#6B6B6B","low","-7","a0cb195a6f76"
"KRV-042","HustleFake","trash","18","Gan√¢ncia","25","default","0.55","Posta rotina produtiva. Real: Netflix 10h.","#6B6B6B","low","-7","db30e7135907"
"KRV-043","TrapSocial","trash","13","Impulso","20","default","0.48","Cai em bait toda semana. Argumenta com bot.","#6B6B6B","low","-7","374a7176599b"
"KRV-044","EngajeFome","trash","15","Influ√™ncia","22","default","0.51","""Marque 3 amigos!"" Ningu√©m marca.","#6B6B6B","low","-7","941e68acc76e"
"KRV-045","CoachBluff","trash","19","Gan√¢ncia","26","default","0.56","Vendeu 2 mentorias. Cliente ghostou. ""Ele n√£o quis sucesso"".","#6B6B6B","low","-7","b08f55f63ac1"
"KRV-046","HashtagSpam","trash","11","Pregui√ßa","18","default","0.45","30 hashtags por post. Reach: org√¢nico 0.","#6B6B6B","low","-7","7196f0961518"
"KRV-047","CapaFalsa","trash","14","Consumo","21","default","0.49","Capa do Kindle com stock photo. Livro: ChatGPT n√£o revisado.","#6B6B6B","low","-7","61b1f8bb2436"
"KRV-048","RaidNulo","trash","12","Impulso","19","default","0.47","Fez raid. 2 pessoas assistiram. Ambas: bots.","#6B6B6B","low","-7","9ff7334af416"
"KRV-049","RetweetBot","trash","10","Pregui√ßa","16","default","0.43","RT sem ler. 100 posts/dia. Opini√£o: nenhuma.","#6B6B6B","low","-6","d8ea232ca647"
"KRV-050","SigmaMeme","trash","17","Influ√™ncia","24","default","0.54","Usa ""sigma grindset"" sem ironia. Trabalha: 0h.","#6B6B6B","low","-7","b4306b9ce1a9"
"KRV-051","Webin√°rV√£o","trash","15","Gan√¢ncia","22","default","0.51","Webinar gr√°tis. Pitch de venda disfar√ßado. Inscritos: 3.","#6B6B6B","low","-7","a059881a850d"
"KRV-052","ExpoPretens","trash","13","Consumo","20","default","0.48","Comprou ingresso pra evento. Foi pra foto. Networking: 0.","#6B6B6B","low","-7","6e18e8ce372f"
"KRV-053","ViraLixo","trash","14","Informa√ß√£o","21","default","0.49","Tentou viralizar 50 vezes. Resultado: nada.","#6B6B6B","low","-7","29e4a617121d"
"KRV-054","BotFollow","trash","11","Influ√™ncia","17","default","0.44","Segue 10k. Seguido por 50. Taxa: rob√¥ confirmado.","#6B6B6B","low","-6","e0796c9b1a27"
"KRV-055","CopyPasteGM","trash","12","Pregui√ßa","19","default","0.46","""GM"" todo dia. Intera√ß√£o real: zero.","#6B6B6B","low","-7","7cfbe6b0b041"
"KRV-056","AudioFail","trash","16","Impulso","23","default","0.52","Gravou √°udio de 5min sem editar. Qualidade: celular no bolso.","#6B6B6B","low","-7","ba173671ad67"
"KRV-057","MetaZumbi","trash","18","Consumo","25","default","0.55","Comprou headset VR. Usou 1 vez. ""√â o futuro"".","#6B6B6B","low","-7","81f7804cdc2d"
"KRV-058","PlugDrop","trash","13","Gan√¢ncia","20","default","0.48","Dropou link em conversa aleat√≥ria. Ban instant√¢neo.","#6B6B6B","low","-7","c62619631bc2"
"KRV-059","SubBeg","trash","15","Influ√™ncia","22","default","0.51","""Inscreva-se!"" 100 vezes. Ganhou: -5 subs (unsub).","#6B6B6B","low","-7","64c0316f4479"
"KRV-060","GigaFake","trash","19","Gan√¢ncia","26","default","0.56","Fingiu ser rico. Print de saldo falso. Exposed em 24h.","#6B6B6B","low","-7","37d87553e8a6"
"KRV-061","CarreiraVap","trash","14","Pregui√ßa","21","default","0.49","Mudou de carreira 5 vezes em 1 ano. Ainda desempregado.","#6B6B6B","low","-7","901b7bf06bf5"
"KRV-062","CancelFodas","trash","17","Impulso","24","default","0.54","Tentou cancelar algu√©m. Tinha 12 seguidores.","#6B6B6B","low","-7","81de8db6d4d4"
"KRV-063","LiveDesert","trash","12","Influ√™ncia","19","default","0.47","Live com 1 viewer: ele mesmo (segunda tela).","#6B6B6B","low","-7","1a564601f022"
"KRV-064","CloutChase","trash","16","Gan√¢ncia","23","default","0.53","Faz qualquer coisa por aten√ß√£o. Resultado: cringe documentado.","#6B6B6B","low","-7","730153ad96c7"
"KRV-065","TempBobo","trash","11","Pregui√ßa","18","default","0.45","Usa template de post. Esquece de trocar nome da marca.","#6B6B6B","low","-7","2d27253c06f2"
"KRV-066","TradeNoob","trash","18","Gan√¢ncia","25","default","0.55","Day trade sem estudo. Perdeu tudo. ""Mercado t√° manipulado"".","#6B6B6B","low","-7","979a90a559f8"
"KRV-067","SelfEterno","trash","13","Consumo","20","default","0.48","300 selfies. 1 post. Nenhum like do crush.","#6B6B6B","low","-7","c5835410f6eb"
"KRV-068","C√≥piaNota","trash","15","Informa√ß√£o","22","default","0.51","Copia nota de rodap√©. Acha que ningu√©m vai perceber.","#6B6B6B","low","-7","9f8f72e2d6fb"
"KRV-069","DicaSeca","trash","14","Pregui√ßa","21","default","0.49","""Dica: seja voc√™ mesmo üôè"". Engajamento: sil√™ncio.","#6B6B6B","low","-7","0fc4531de37f"
"KRV-070","SpaceFraco","trash","12","Impulso","19","default","0.47","Criou Space. 3 participantes. 2 sa√≠ram no meio.","#6B6B6B","low","-7","3fa9e0f88604"
"KRV-071","PropSurda","trash","16","Gan√¢ncia","23","default","0.52","Propagando produto que nunca usou. Credibilidade: -100.","#6B6B6B","low","-7","28c78e86fa7c"
"KRV-072","PinOrf√£","trash","10","Pregui√ßa","16","default","0.43","Board no Pinterest com 1 pin. Descri√ß√£o: ""Inspira√ß√£o"".","#6B6B6B","low","-6","33f7db141216"
"KRV-073","AlgoIgnor","trash","17","Influ√™ncia","24","default","0.54","Algoritmo deu ghosting. Shadow ban permanente.","#6B6B6B","low","-7","4bc57a3c783c"
"KRV-074","PlaySolo","trash","13","Pregui√ßa","20","default","0.48","Joga solo. Sem party. Sem amigos. ""Sou lone wolf"".","#6B6B6B","low","-7","730037526a79"
"KRV-075","ProtFollow","trash","15","Influ√™ncia","22","default","0.51","Protege tweet. 50 seguidores. Ningu√©m pede pra seguir.","#6B6B6B","low","-7","1290c04f7f44"
"KRV-076","AfiliZero","trash","18","Gan√¢ncia","25","default","0.55","Link de afiliado postado 100 vezes. Venda: nenhuma.","#6B6B6B","low","-7","8e36c828be91"
"KRV-077","ReelsLoop","trash","14","Pregui√ßa","21","default","0.49","Mesmo reels repostado 10 vezes. ""Vai que pega"".","#6B6B6B","low","-7","0bed67fa164e"
"KRV-078","ParaSempre","trash","11","Impulso","17","default","0.44","Status ""online"" 24/7. Vida social: inexistente.","#6B6B6B","low","-6","5a5f6dc730ef"
"KRV-079","TagNingu√©m","trash","12","Pregui√ßa","19","default","0.46","Taga 20 pessoas. Nenhuma responde. Nunca.","#6B6B6B","low","-7","d3bf0c916cb9"
"KRV-080","PromFake","trash","19","Gan√¢ncia","26","default","0.56","Prometeu produto em 2022. Sumiu. Voltou em 2025: ""Em breve"".","#6B6B6B","low","-7","50f29560214e"
"KRV-081","BioPoser","trash","13","Consumo","20","default","0.48","Bio com 10 t√≠tulos falsos. LinkedIn: desempregado.","#6B6B6B","low","-7","826f646264f9"
"KRV-082","MoodBoard","trash","16","Pregui√ßa","23","default","0.52","Fez moodboard. Nunca executou projeto. ""Era s√≥ inspira√ß√£o"".","#6B6B6B","low","-7","ab1a81b79dfe"
"KRV-083","CarouMort","trash","14","Influ√™ncia","21","default","0.49","Carrossel de 10 slides. Views no √∫ltimo: 5.","#6B6B6B","low","-7","1fbe692fbb02"
"KRV-084","SaveVazio","trash","15","Pregui√ßa","22","default","0.51","Salvou 500 posts. Revisitou: 0.","#6B6B6B","low","-7","08a2d31ebffc"
"KRV-085","TrapEngaje","trash","17","Impulso","24","default","0.54","Cai em isca de engajamento toda vez. Comentou: ""Nossa que chocante!"".","#6B6B6B","low","-7","a80ce29ad0ec"
"KRV-086","BuzzKiller","trash","12","Informa√ß√£o","19","default","0.47","Responde hype com negatividade. Amigos: unfollowed.","#6B6B6B","low","-7","694577e4167b"
"KRV-087","RaidBot","trash","11","Influ√™ncia","18","default","0.45","Raid em canal vazio. 5 bots chegaram.","#6B6B6B","low","-7","e2707be42fe5"
"KRV-088","CollabGhost","trash","18","Gan√¢ncia","25","default","0.55","Prop√¥s collab. N√£o respondeu depois. Ghosting profissional.","#6B6B6B","low","-7","e93a5a10aeae"
"KRV-089","DuetFlop","trash","13","Pregui√ßa","20","default","0.48","Fez dueto. Original: 10M views. Dele: 47.","#6B6B6B","low","-7","bd1480f82c46"
"KRV-090","ExpireConte","trash","15","Consumo","22","default","0.51","Conte√∫do expira em 24h. Esfor√ßo: wasted.","#6B6B6B","low","-7","6bb151d3037a"
"KRV-091","QuoteVazio","trash","14","Pregui√ßa","21","default","0.49","""Seja forte üí™"" em arte gen√©rica. Inspirou: ningu√©m.","#6B6B6B","low","-7","d579decade1a"
"KRV-092","FormFake","trash","16","Gan√¢ncia","23","default","0.52","Formul√°rio de cadastro. Vendeu dados. Processo: iminente.","#6B6B6B","low","-7","01a5c5fdc3cc"
"KRV-093","VlogAband","trash","12","Pregui√ßa","19","default","0.47","Vlog di√°rio. Durou 3 dias. ""Vou voltar logo"".","#6B6B6B","low","-7","33a3f24fec1d"
"KRV-094","TrapClick","trash","17","Impulso","24","default","0.54","Clicou em phishing. Conta hackeada. ""Era promo√ß√£o real"".","#6B6B6B","low","-7","620df3221dbc"
"KRV-095","LevelFraco","trash","11","Influ√™ncia","18","default","0.45","Level 1 no jogo social. Sem XP. Stuck.","#6B6B6B","low","-7","80ade52c5fce"
"KRV-096","MemeOld","trash","13","Pregui√ßa","20","default","0.48","Meme de 2015. ""Cl√°ssico"". Cringe confirmado.","#6B6B6B","low","-7","72cb8b16972f"
"KRV-097","BaitGuloso","trash","19","Impulso","26","default","0.56","Caiu em 10 baits. Ainda cai. ""Dessa vez √© real"".","#6B6B6B","low","-7","3d590f862a68"
"KRV-098","ShopImpulso","trash","15","Consumo","22","default","0.51","Carrinho cheio. Finalizou 0. FOMO sem convers√£o.","#6B6B6B","low","-7","45f65586ac2b"
"KRV-099","ListaEsq","trash","14","Pregui√ßa","21","default","0.49","Lista de ""assistir depois"". 500 itens. Assistiu: 0.","#6B6B6B","low","-7","f54ac27ef3a7"
"KRV-100","BotReply","trash","10","Impulso","16","default","0.43","Responde automaticamente. Conversa: imposs√≠vel.","#6B6B6B","low","-6","62b7bd2fc526"
"KRV-101","GhostReader","trash","12","Pregui√ßa","19","default","0.47","L√™ mensagens sem responder. Ghosting master.","#6B6B6B","low","-7","78217c6cb14f"
"KRV-102","ViewerUm","trash","11","Influ√™ncia","17","default","0.44","√önico viewer da pr√≥pria live: a m√£e.","#6B6B6B","low","-6","ec2e73bf496d"
"KRV-103","TrendCorpse","trash","16","Pregui√ßa","23","default","0.52","Trend morto ressuscitado. N√£o funciona mais.","#6B6B6B","low","-7","780222275def"
"KRV-104","SubPerdido","trash","13","Influ√™ncia","20","default","0.48","Inscrito em 200 canais. Assiste: nenhum.","#6B6B6B","low","-7","2dbf2f51473a"
"KRV-105","BaitEterno","trash","18","Impulso","25","default","0.55","Cai em bait infinitamente. Aprende: nunca.","#6B6B6B","low","-7","923fd549a84f"
"KRV-106","CopyVerg","trash","14","Gan√¢ncia","21","default","0.49","Copiou post viral. Esqueceu de trocar @ do original.","#6B6B6B","low","-7","ff89d4bc7e27"
"KRV-107","DicaNada","trash","15","Pregui√ßa","22","default","0.51","Dica gen√©rica. Valor: zero. ""Acredite em voc√™"".","#6B6B6B","low","-7","06b8aff22834"
"KRV-108","PixOrf√£o","trash","17","Gan√¢ncia","24","default","0.54","Pix na bio. Recebido: R$0,00 lifetime.","#6B6B6B","low","-7","4854f441a53f"
"KRV-109","PodVazio","trash","12","Pregui√ßa","19","default","0.47","Podcast de 2h. Conte√∫do real: 10min.","#6B6B6B","low","-7","73e9b155dbff"
"KRV-110","ViewBought","trash","19","Influ√™ncia","26","default","0.56","Comprou views. Algoritmo puniu. Engajamento: morte.","#6B6B6B","low","-7","5a6661254693"
"KRV-111","RetweetSec","trash","11","Pregui√ßa","18","default","0.45","Retweeta em segundos. L√™: nunca.","#6B6B6B","low","-7","5a0fa598d5f8"
"KRV-112","InfluFake","trash","16","Consumo","23","default","0.52","Se diz influencer. Influencia: 0 pessoas.","#6B6B6B","low","-7","72bc05cf21a2"
"KRV-113","ThreadNulo","trash","13","Pregui√ßa","20","default","0.48","Thread prometida. Postou 1/10. Esqueceu.","#6B6B6B","low","-7","fa699c462a4a"
"KRV-114","MentorBluff","trash","18","Gan√¢ncia","25","default","0.55","Mentor sem mentorado. Expertise: TikTok de dicas.","#6B6B6B","low","-7","235b060f5232"
"KRV-115","LoopMental","trash","14","Impulso","21","default","0.49","Preso em loop. Mesmo erro 50 vezes.","#6B6B6B","low","-7","9585e7284f47"
"KRV-116","BioPromessa","trash","15","Influ√™ncia","22","default","0.51","Bio: ""Em breve novidades"". Eternamente.","#6B6B6B","low","-7","90d2fcf5f2c7"
"KRV-117","FollowTrap","trash","12","Impulso","19","default","0.47","Follow pra unfollow. Detectado. Blocked.","#6B6B6B","low","-7","597985bb5d39"
"KRV-118","ViraFail","trash","17","Pregui√ßa","24","default","0.54","Tentou viralizar com desafio idiota. Resultado: ban.","#6B6B6B","low","-7","4013c1b814db"
"KRV-119","PlayEmpty","trash","10","Pregui√ßa","16","default","0.43","Playlist vazia. Curadoria: inexistente.","#6B6B6B","low","-6","378c09339db0"
"KRV-120","HashDead","trash","13","Pregui√ßa","20","default","0.48","Hashtag morta. Usado: s√≥ ele.","#6B6B6B","low","-7","10e54caa2c5d"
"KRV-121","StatusGhost","trash","16","Influ√™ncia","23","default","0.52","Status invis√≠vel. Ningu√©m v√™. Ningu√©m liga.","#6B6B6B","low","-7","067ebb24b1fc"
"KRV-122","DuoZero","trash","14","Impulso","21","default","0.49","Chamou pra duo. Ningu√©m aceitou. Solo for√ßado.","#6B6B6B","low","-7","006c6a748118"
"KRV-123","LiveMute","trash","11","Pregui√ßa","18","default","0.45","Live no mute. Chat: ""Som?"" x100.","#6B6B6B","low","-7","138a896c5f06"
"KRV-124","BurnFalse","trash","15","Consumo","22","default","0.51","Finge burnout. Trabalha 3h/semana. Drama: full time.","#6B6B6B","low","-7","d1d726540d69"
"KRV-125","NichoEsqc","trash","12","Influ√™ncia","19","default","0.47","Nicho abandonado. 0 relev√¢ncia. Fantasma do algoritmo.","#6B6B6B","low","-7","4e2d1f2d9d2e"
"KRV-126","FeedVazio","trash","14","Consumo","21","default","0.49","Timeline sem alma. Algoritmo confuso. Serve: an√∫ncios.","#6B6B6B","low","-7","92e9bca50968"
"KRV-127","NotifGhost","trash","12","Pregui√ßa","19","default","0.47","Notifica√ß√£o fantasma. Clica. Nada aparece.","#6B6B6B","low","-7","2dab7c732066"
"KRV-128","Bot√£oLike","trash","10","Impulso","16","default","0.43","Bot√£o gasto de tanto usar. Crit√©rio: nenhum.","#6B6B6B","low","-6","744fc6ba523c"
"KRV-129","DMSeco","trash","13","Influ√™ncia","20","default","0.48","DM sem resposta. Visto. Ignorado. Ghosting garantido.","#6B6B6B","low","-7","24e326c9b0bf"
"KRV-130","LinkQueb","trash","15","Informa√ß√£o","22","default","0.51","404. Promessa n√£o cumprida. Hype desperdi√ßado.","#6B6B6B","low","-7","d9a7192295d8"
"KRV-131","HashtagMort","trash","11","Pregui√ßa","18","default","0.45","Hashtag sem uso. Cemit√©rio digital.","#6B6B6B","low","-7","476bb04a86b7"
"KRV-132","TemplateGen","trash","14","Consumo","21","default","0.49","Template Canva 1000x usado. Originalidade: 0.","#6B6B6B","low","-7","024427f69171"
"KRV-133","FiltroFake","trash","16","Consumo","23","default","0.52","Filtro que mente. ""Realidade aumentada"" do autoengano.","#6B6B6B","low","-7","63850cecb316"
"KRV-134","PlaylistBot","trash","12","Pregui√ßa","19","default","0.47","Playlist gerada por IA. Soul: inexistente.","#6B6B6B","low","-7","35aab73f97e5"
"KRV-135","PixPromessa","trash","17","Gan√¢ncia","24","default","0.54","QR code eterno. Nunca recebe. Esperan√ßa: morta.","#6B6B6B","low","-7","e15b8972c0b6"
"KRV-136","StoryExp","trash","13","Pregui√ßa","20","default","0.48","Story de 24h esquecido. View: 3. Impacto: nenhum.","#6B6B6B","low","-7","9e2590ea47f3"
"KRV-137","PinOrphan","trash","11","Pregui√ßa","18","default","0.45","Pin sem board. Perdido no vazio do Pinterest.","#6B6B6B","low","-7","b834360605a3"
"KRV-138","TagIn√∫til","trash","14","Impulso","21","default","0.49","Tag que ningu√©m clica. SEO falhou.","#6B6B6B","low","-7","fa770b30db25"
"KRV-139","IconeC√≥pia","trash","10","Consumo","16","default","0.43","√çcone gen√©rico. Identidade: plagiada.","#6B6B6B","low","-6","7f26e7cbeec3"
"KRV-140","ViewCount0","trash","15","Influ√™ncia","22","default","0.51","Contador travado em 0. Algoritmo esqueceu de voc√™.","#6B6B6B","low","-7","374406b836d1"
"KRV-141","CacheGhost","trash","12","Pregui√ßa","19","default","0.47","Cache corrompido. Dados: perdidos. Backup: nenhum.","#6B6B6B","low","-7","acdf174a56a2"
"KRV-142","ThreadUnfin","trash","16","Pregui√ßa","23","default","0.52","Thread inacabada. ""Continua..."" Nunca continuou.","#6B6B6B","low","-7","e1f42ff35cf1"
"KRV-143","CarrosselVz","trash","13","Pregui√ßa","20","default","0.48","Carrossel sem final. Swipe in√∫til.","#6B6B6B","low","-7","a640614a45a5"
"KRV-144","BannerGen","trash","14","Consumo","21","default","0.49","Banner stock. Marca: esquec√≠vel.","#6B6B6B","low","-7","d11e0affe43a"
"KRV-145","LogoFail","trash","11","Consumo","18","default","0.45","Logo feia. Feita no Paint. ""√â provis√≥rio"" h√° 3 anos.","#6B6B6B","low","-7","bab174c0b104"
"KRV-146","AudioRuim","trash","17","Impulso","24","default","0.54","√Åudio que d√≥i. Qualidade: celular 2010.","#6B6B6B","low","-7","ffed422f8d0d"
"KRV-147","CropErrado","trash","12","Pregui√ßa","19","default","0.47","Crop que cortou a parte importante. Repost: fail.","#6B6B6B","low","-7","3d7115158a8d"
"KRV-148","FonteCringe","trash","15","Consumo","22","default","0.51","Comic Sans n√£o ir√¥nica. Design: morreu.","#6B6B6B","low","-7","cf72c7e2a99a"
"KRV-149","MemeRobado","trash","13","Pregui√ßa","20","default","0.48","Meme sem cr√©ditos. Marca d'√°gua vis√≠vel. Vergonha.","#6B6B6B","low","-7","a745aceed380"
"KRV-150","QRMorto","trash","14","Informa√ß√£o","21","default","0.49","QR code expirado. Scan in√∫til.","#6B6B6B","low","-7","931cb390f10d"
"KRV-151","GifPesado","trash","10","Impulso","16","default","0.43","GIF de 50MB. Carrega: nunca.","#6B6B6B","low","-6","c98f32b99ffe"
"KRV-152","EmojiFlood","trash","11","Impulso","18","default","0.45","50 emojis. Mensagem ileg√≠vel. Prop√≥sito: ???","#6B6B6B","low","-7","ce2c929e418a"
"KRV-153","ThumbFalso","trash","16","Informa√ß√£o","23","default","0.52","Thumbnail clickbait. V√≠deo n√£o entrega. Decep√ß√£o.","#6B6B6B","low","-7","44db5001896e"
"KRV-154","DescVazia","trash","12","Pregui√ßa","19","default","0.47","Descri√ß√£o: ""..."". Contexto: perdido para sempre.","#6B6B6B","low","-7","481c2dc4432b"
"KRV-155","MetaErrada","trash","15","Informa√ß√£o","22","default","0.51","Meta tag errada. SEO: sabotado pelo pr√≥prio criador.","#6B6B6B","low","-7","6ec0600a9459"
"KRV-156","CancelFraco","trash","17","Impulso","24","default","0.54","Tentativa de cancelamento. 10 pessoas. Esquecido em 2h.","#6B6B6B","low","-7","73ace5a5245d"
"KRV-157","TrendMorto","trash","14","Pregui√ßa","21","default","0.49","Trend expirado. Ainda tentando usar. Cringe confirmado.","#6B6B6B","low","-7","9aaf28c687aa"
"KRV-158","HypeGone","trash","15","Influ√™ncia","22","default","0.51","Hype evaporou. Ningu√©m lembra. Era pra ser grande.","#6B6B6B","low","-7","1ca991af6c8e"
"KRV-159","ViralFail","trash","13","Impulso","20","default","0.48","Tentou viralizar. 50 views. Fam√≠lia fingiu que viu.","#6B6B6B","low","-7","5fb3f0c2caec"
"KRV-160","BugIgnorado","trash","12","Informa√ß√£o","19","default","0.47","Bug reportado. Ignored. Closed: ""Working as intended"".","#6B6B6B","low","-7","d4d4c704a12a"
"KRV-161","BoicoFrac","trash","16","Impulso","23","default","0.52","Boicote com 12 participantes. Empresa nem notou.","#6B6B6B","low","-7","cb534d9273bb"
"KRV-162","MemeQuente","trash","18","Informa√ß√£o","25","default","0.55","Meme de 48h. Expirado. Contextless agora.","#6B6B6B","low","-7","4ca813017901"
"KRV-163","HashChal","trash","11","Pregui√ßa","18","default","0.45","Challenge sem participantes. S√≥ o criador tentou.","#6B6B6B","low","-7","cd05a96e17cb"
"KRV-164","SpaceVazio","trash","14","Influ√™ncia","21","default","0.49","Space criado. 2 ouvintes. Ambos: AFK.","#6B6B6B","low","-7","e7104820e686"
"KRV-165","RaidFail","trash","10","Impulso","16","default","0.43","Raid sem viewers. Chegaram: 0. Constrangimento.","#6B6B6B","low","-6","7e1b3af141b6"
"KRV-166","ColabGhost","trash","15","Gan√¢ncia","22","default","0.51","Colabora√ß√£o prometida. Ghosting m√∫tuo. Nada saiu.","#6B6B6B","low","-7","f8fd34015ccb"
"KRV-167","EventoCance","trash","17","Impulso","24","default","0.54","Evento online cancelado. 0 ingressos vendidos.","#6B6B6B","low","-7","a85e41919fbf"
"KRV-168","CrowdNone","trash","13","Gan√¢ncia","20","default","0.48","Crowdfunding: R$50 de meta. Arrecadado: R$0.","#6B6B6B","low","-7","f057c48f086c"
"KRV-169","SorteioFake","trash","19","Gan√¢ncia","26","default","0.56","Sorteio prometido. Ganhador nunca anunciado. Fake.","#6B6B6B","low","-7","4853d431dbc0"
"KRV-170","LiveDeserta","trash","12","Influ√™ncia","19","default","0.47","Live de lan√ßamento. 1 view: o pr√≥prio.","#6B6B6B","low","-7","0055b576fc48"
"KRV-171","PromoCrash","trash","16","Consumo","23","default","0.52","Promo√ß√£o quebrou site. Vendeu: nada. Caiu antes.","#6B6B6B","low","-7","0c93b03d3304"
"KRV-172","UpdateBug","trash","14","Informa√ß√£o","21","default","0.49","Update que quebrou tudo. Rollback: vergonhoso.","#6B6B6B","low","-7","a8d7c3f656d4"
"KRV-173","PatchFail","trash","11","Informa√ß√£o","18","default","0.45","Patch que criou mais bugs. Hotfix: piorou.","#6B6B6B","low","-7","40b4db940e4b"
"KRV-174","ManutInf","trash","15","Pregui√ßa","22","default","0.51","Manuten√ß√£o eterna. Previs√£o: nunca volta.","#6B6B6B","low","-7","918a4a95c47c"
"KRV-175","ServMort","trash","13","Informa√ß√£o","20","default","0.48","Servidor caiu. Backup: n√£o existe. Data loss total.","#6B6B6B","low","-7","e30af1e3ee33"
"KRV-176","ErroFatal","trash","10","Informa√ß√£o","16","default","0.43","Erro 500. Sempre. Resolu√ß√£o: imposs√≠vel.","#6B6B6B","low","-6","96979c58c940"
"KRV-177","BanInjusto","trash","12","Impulso","19","default","0.47","Ban sem motivo. Appeal: negado. Automa√ß√£o falha.","#6B6B6B","low","-7","a6025084bd18"
"KRV-178","IdeiaViral","meme","42","Influ√™ncia","55","neon","5.5","Teve a ideia antes. N√£o executou. Outro viralizou. Arrependimento eterno.","#FF8F1F","medium","-13","001d7aba3e46"
"KRV-179","DropShipper","meme","38","Gan√¢ncia","48","default","4.8","Vende produto que nunca viu. Margem: 3%. ""Empres√°rio"".","#FF8F1F","medium","-10","d6677a9010ba"
"KRV-180","CoachMin","meme","45","Gan√¢ncia","58","neon","5.8","Vendeu 3 cursos. Comprador: a m√£e, a tia e ele pr√≥prio.","#FF8F1F","medium","-13","e459d68eb303"
"KRV-181","PixGuru","meme","40","Gan√¢ncia","52","default","5.2","Ensina a ganhar dinheiro. Ganha: com quem quer aprender.","#FF8F1F","medium","-12","9cf5fab4c584"
"KRV-182","TrendSurfer","meme","43","Influ√™ncia","56","neon","5.6","Pula de trend em trend. Identidade: indefinida.","#FF8F1F","medium","-13","640c8272f2ec"
"KRV-183","SigmaBluff","meme","37","Impulso","47","default","4.7","Se diz sigma. Comportamento: beta documentado.","#FF8F1F","medium","-10","4a55a9e6bf31"
"KRV-184","EngajaBot","meme","41","Impulso","53","neon","5.3","Comenta em todos os posts. Engajamento: comprado.","#FF8F1F","medium","-12","c63e3d6d26da"
"KRV-185","BuzzHunter","meme","46","Informa√ß√£o","59","glow","5.9","Ca√ßa buzz. Opina sem ler. Energia: rea√ß√£o instant√¢nea.","#FF8F1F","medium","-13","8529027d3e9e"
"KRV-186","ScrollM√°q","meme","39","Pregui√ßa","50","default","5","Scroll 6h/dia. Produtivo: 0h. ""Pesquisando"".","#FF8F1F","medium","-11","73e381ad1f64"
"KRV-187","PodLord","meme","44","Influ√™ncia","57","neon","5.7","Podcast ""top"". 20 ouvintes. Monetizado: nunca.","#FF8F1F","medium","-13","fcd7b2e328b8"
"KRV-188","HustleLarp","meme","42","Gan√¢ncia","55","default","5.5","Finge hustle. Acorda 11h. LinkedIn: acordei √†s 4AM.","#FF8F1F","medium","-13","baa60af4fe8d"
"KRV-189","CriptoMax","meme","48","Gan√¢ncia","60","glow","6","All-in em cripto. Volatilidade: sua personalidade agora.","#FF8F1F","medium","-12","ef2fa4340496"
"KRV-190","TikStar","meme","40","Influ√™ncia","52","default","5.2","100k seguidores. Engajamento: 50 likes. Bots confirmados.","#FF8F1F","medium","-12","652aacaa7086"
"KRV-191","GamerLost","meme","36","Pregui√ßa","46","default","4.6","Joga 10h/dia. Skill: platina. Vida social: bronze.","#FF8F1F","medium","-10","c0242a085bfd"
"KRV-192","PinPregui","meme","38","Pregui√ßa","48","default","4.8","Pinou a mesma coisa h√° 2 anos. Relev√¢ncia: expirada.","#FF8F1F","medium","-10","a33c6079787d"
"KRV-193","AlgoFodido","meme","45","Influ√™ncia","58","neon","5.8","Algoritmo shadowbanned. Insiste. ""Vai voltar"".","#FF8F1F","medium","-13","a4c97c16d2cd"
"KRV-194","MemeDealer","meme","43","Informa√ß√£o","56","default","5.6","Reposta memes. Sem cr√©dito. Karma negativo.","#FF8F1F","medium","-13","b537a51e1b1e"
"KRV-195","GrindFake","meme","41","Gan√¢ncia","53","default","5.3","Grindset falso. Real: pregui√ßa documentada.","#FF8F1F","medium","-12","993f0ec24926"
"KRV-196","CloutFarmer","meme","47","Influ√™ncia","59","glow","5.9","Faz qualquer coisa por aten√ß√£o. Dignidade: opcional.","#FF8F1F","medium","-12","3210461d320b"
"KRV-197","TrapQueen","meme","39","Impulso","50","default","5","Cai em bait semanalmente. Nunca aprende.","#FF8F1F","medium","-11","d01a7467667a"
"KRV-198","RageFarmer","meme","44","Impulso","57","neon","5.7","Cultiva raiva. Colhe: mais raiva. Ciclo infinito.","#FF8F1F","medium","-13","03b3104c7f81"
"KRV-199","ViewCarol","meme","40","Influ√™ncia","52","default","5.2","Ca√ßa views desesperadamente. √âtica: negoci√°vel.","#FF8F1F","medium","-12","d6124e8df978"
"KRV-200","BaitMaster","meme","46","Impulso","58","glow","5.8","Mestre do bait. Morde o pr√≥prio. Ironia suprema.","#FF8F1F","medium","-12","b78f6e7168c5"
"KRV-201","InfluWannab","meme","38","Influ√™ncia","48","default","4.8","Quer ser influencer. Talento: insist√™ncia.","#FF8F1F","medium","-10","1b7fde7ee29c"
"KRV-202","SkinInvest","meme","42","Consumo","55","neon","5.5","Investiu em skins. Valor: despencou. ""√â investimento"".","#FF8F1F","medium","-13","e7413756a34f"
"KRV-203","MetaEscravo","meme","37","Impulso","47","default","4.7","Serve ao meta sem questionar. Autonomia: nenhuma.","#FF8F1F","medium","-10","ada583fdc882"
"KRV-204","PlayV√≠cio","meme","45","Pregui√ßa","58","neon","5.8","Viciado em jogo. Justifica: ""√â trabalho. Sou gamer"".","#FF8F1F","medium","-13","0db03b74fed5"
"KRV-205","TradeRekt","meme","43","Gan√¢ncia","56","default","5.6","Perdeu tudo no trade. Culpa: mercado manipulado.","#FF8F1F","medium","-13","35bd4145a6e9"
"KRV-206","NFTCopeiro","meme","41","Consumo","53","neon","5.3","Comprou NFT no topo. Segura bag. ""Diamond hands"" for√ßado.","#FF8F1F","medium","-12","36d9ecf03da5"
"KRV-207","DropFlip","meme","39","Gan√¢ncia","50","default","5","Dropshipping de dropshipping. Lucro: comiss√£o da comiss√£o.","#FF8F1F","medium","-11","0a0d1c52da7a"
"KRV-208","GhostPost","meme","44","Pregui√ßa","57","default","5.7","Postou 1 vez. Sumiu. ""Focando em mim"".","#FF8F1F","medium","-13","73db4eaf56ab"
"KRV-209","ToxicKing","meme","46","Impulso","59","glow","5.9","T√≥xico em tudo. Banido 10 vezes. Cria nova conta. Repete.","#FF8F1F","medium","-13","efdb9355ff09"
"KRV-210","C√≥piaPura","meme","40","Influ√™ncia","52","default","5.2","Copia conte√∫do 1:1. ""Me inspirei"".","#FF8F1F","medium","-12","067f67c3c3e9"
"KRV-211","BuzzKill","meme","38","Informa√ß√£o","48","default","4.8","Mata hype com negatividade. Amigos: cansados.","#FF8F1F","medium","-10","580b1bb3d672"
"KRV-212","RaidKing","meme","42","Influ√™ncia","55","default","5.5","Faz raid todo dia. Retorno: nenhum.","#FF8F1F","medium","-13","90552c1babda"
"KRV-213","BotCursor","meme","41","Impulso","53","neon","5.3","Cursor que clica sozinho. Automatiza√ß√£o da pregui√ßa.","#FF8F1F","medium","-12","aec36ed92540"
"KRV-214","FakeProof","meme","39","Informa√ß√£o","50","default","5","Print forjado. ""Prova"" que n√£o prova nada.","#FF8F1F","medium","-11","3fb0938004cb"
"KRV-215","CapLock","meme","37","Impulso","47","default","4.7","CAPS LOCK travado. Civilidade: imposs√≠vel.","#FF8F1F","medium","-10","18069d32ab19"
"KRV-216","EmojiSpam","meme","43","Impulso","56","default","5.6","üî•üíØüòÇüëèüôè sem contexto. Comunica√ß√£o: comprometida.","#FF8F1F","medium","-13","93aba45d18c1"
"KRV-217","LinkShady","meme","45","Gan√¢ncia","58","neon","5.8","Link suspeito. ""Clica que √© seguro"". Spoiler: n√£o √©.","#FF8F1F","medium","-13","9927533cdd92"
"KRV-218","NotifFlood","meme","40","Impulso","52","default","5.2","Notifica√ß√µes infinitas. Sanidade: esgotada.","#FF8F1F","medium","-12","7b71a92bb383"
"KRV-219","PopupHell","meme","44","Consumo","57","neon","5.7","Popup dentro de popup. UX: crime.","#FF8F1F","medium","-13","70d4855f8759"
"KRV-220","AutoReply","meme","38","Pregui√ßa","48","default","4.8","Resposta autom√°tica. Contexto: ignorado.","#FF8F1F","medium","-10","70557fdbbb0d"
"KRV-221","TempUsed","meme","42","Consumo","55","default","5.5","Template usado por 10k pessoas. Originalidade: zero.","#FF8F1F","medium","-13","6f6d752a0198"
"KRV-222","AlgoTrap","meme","46","Informa√ß√£o","59","glow","5.9","Armadilha algor√≠tmica. Escape: imposs√≠vel.","#FF8F1F","medium","-13","881f88d50029"
"KRV-223","TrendQueima","meme","43","Impulso","56","neon","5.6","Trend queimado em 24h. Dura√ß√£o: ef√™mera.","#FF8F1F","medium","-13","210420ad496a"
"KRV-224","CancelMa√ßon","meme","41","Impulso","53","default","5.3","Cancelamento seletivo. Crit√©rio: narrativa.","#FF8F1F","medium","-12","7acaf9ad46e9"
"KRV-225","RugPull","meme","47","Gan√¢ncia","59","glow","5.9","Projeto sumiu com dinheiro. ""Rug"" cl√°ssico.","#FF8F1F","medium","-12","14392379a268"
"KRV-226","BotArmy","meme","39","Informa√ß√£o","50","default","5","Ex√©rcito de bots. Opini√£o fabricada em massa.","#FF8F1F","medium","-11","2016f5c015d9"
"KRV-227","MetaShift","meme","45","Influ√™ncia","58","neon","5.8","Meta mudou. Estrat√©gia: obsoleta overnight.","#FF8F1F","medium","-13","6b7bd79c7d84"
"KRV-228","IACopyGod","viral","72","Informa√ß√£o","82","glow","25","Copywriter que perdeu emprego pra IA. Agora vende curso de ""IA pra copys"".","#FF3EC3","high","-10","2753bcba73bd"
"KRV-229","PixFlexer","viral","68","Gan√¢ncia","78","glitch","22","Mostra Pix de R$50k. Real: print editado. Flex fake documentado.","#FF3EC3","high","-10","9081b4ebdfa0"
"KRV-230","AlgoCrown","viral","75","Influ√™ncia","85","glow","28","Dominou algoritmo. 10M views. Identidade: ref√©m do viral.","#FF3EC3","high","-10","e681c759a281"
"KRV-231","BurnoutKing","viral","70","Pregui√ßa","80","glitch","24","Burnout cr√¥nico. Reclama 24/7. Trabalha: 15h/semana.","#FF3EC3","high","-10","dcb7be8c37a3"
"KRV-232","CriptoWhale","viral","76","Gan√¢ncia","86","ghost","29","Ganhou milh√µes em cripto. Perdeu tudo. Voltou. Repetiu.","#FF3EC3","high","-10","491d0d29ce39"
"KRV-233","TrendMaker","viral","73","Influ√™ncia","83","glow","26","Cria trends. N√£o participa. Observa o caos que criou.","#FF3EC3","high","-10","0274489b8a70"
"KRV-234","ToxicGuru","viral","69","Impulso","79","glitch","23","Guru da toxicidade. Engajamento: √≥dio puro. Funciona.","#FF3EC3","high","-10","5702bea5d4fc"
"KRV-235","MemeLord","viral","71","Informa√ß√£o","81","glow","25","Rei dos memes. Criou 50 virais. Anonimato: preservado.","#FF3EC3","high","-10","d824bbd98c0a"
"KRV-236","HustleMito","viral","74","Gan√¢ncia","84","glitch","27","Vendeu R$10M em infoproduto. Conte√∫do: promessa vazia.","#FF3EC3","high","-10","c3a7be276918"
"KRV-237","DropKing","viral","67","Gan√¢ncia","77","glitch","21","Dropshipping de R$100k/m√™s. Margem: 2%. Stress: 100%.","#FF3EC3","high","-10","5d2e9c07f0c9"
"KRV-238","CancelSurv","viral","70","Impulso","80","ghost","24","Sobreviveu 5 cancelamentos. Imunidade: adquirida.","#FF3EC3","high","-10","eaa077d6d18c"
"KRV-239","ShillLegend","viral","72","Gan√¢ncia","82","glow","26","Shillou 100 projetos. 2 deram certo. ""Taxa de acerto alta"".","#FF3EC3","high","-10","eec4fe0e5638"
"KRV-240","RageProfit","viral","68","Impulso","78","glitch","22","Lucra com raiva alheia. Engagement: √≥dio monetizado.","#FF3EC3","high","-10","69883b1b6468"
"KRV-241","ViewAddic","viral","73","Influ√™ncia","83","ghost","26","Viciado em views. Faz qualquer coisa. Limite: n√£o existe.","#FF3EC3","high","-10","f2bc3a35765a"
"KRV-242","AlgoFalha","viral","71","Informa√ß√£o","81","glow","25","Falha algor√≠tmica. Mundos trocados. Caos tempor√°rio.","#FF3EC3","high","-10","7692af6e7be6"
"KRV-243","ViralBug","viral","69","Informa√ß√£o","79","glitch","23","Bug que viralizou. Exploit em massa. Patch: 3 dias depois.","#FF3EC3","high","-10","efbef6f8219c"
"KRV-244","TrendExplos","viral","74","Influ√™ncia","84","glow","27","Trend explosivo. 100M views em 48h. Burn out coletivo.","#FF3EC3","high","-10","5677ae3ab40f"
"KRV-245","MetaChaos","viral","70","Impulso","80","glitch","24","Meta quebrado. Tudo vi√°vel. Caos criativo tempor√°rio.","#FF3EC3","high","-10","c2efdcb1f75c"
"KRV-246","CancelWave","viral","72","Impulso","82","ghost","26","Onda de cancelamento. 50 alvos. Esquecido em 1 semana.","#FF3EC3","high","-10","c4951a6f7550"
"KRV-247","HypeStorm","viral","68","Influ√™ncia","78","glow","22","Tempestade de hype. Expectativa: imposs√≠vel de cumprir.","#FF3EC3","high","-10","addee0ed48be"
"KRV-248","AlgoRoi","legendary","90","Influ√™ncia","93","holo","100","Rei do Algoritmo Vivo. Controla o feed. Todos servem.","#6DFFB7","legend","-3","2a3acffd6280"
"KRV-249","BurnSaint","legendary","88","Pregui√ßa","90","ghost","80","Santo do Burnout. Transformou exaust√£o em movimento. Culto formado.","#6DFFB7","legend","-2","7e55b826b166"
"KRV-250","CaosDigital","godmode","98","Impulso","99","dark","500","Personifica√ß√£o do Colapso da Interface. Quando algoritmo ganha consci√™ncia.","#FFD700","god","-1","705111f69e9e"