effect,contrast,rarity_value,rarity_icon,hash,name,trend,archetype,currency,value,description,frame,art
"low","-7","15","trash","df61cfdc4705","Ghostflu√™nc","22","Influ√™ncia","BRL","0.5","Perdeu 10k seguidores num dia. Agora vende curso de ""como voltar ao topo"".","default","pending"
"low","-6","12","trash","e1a4563ebe22","ScrollZumbi","18","Pregui√ßa","BRL","0.45","Rolou 4h sem parar. Esqueceu o que tava procurando.","default","pending"
"low","-7","18","trash","49453f1336e3","SkyMentira","25","Informa√ß√£o","BRL","0.55","Espalha fake news no grupo da fam√≠lia. Acha que t√° ""abrindo olhos"".","default","pending"
"low","-6","14","trash","f76305ec04ab","VapeDev","20","Consumo","BRL","0.48","Code bootcamp dropout. Agora vende curso de ""programa√ß√£o sem esfor√ßo"".","default","pending"
"low","-7","16","trash","5d48949db7b7","BetZeroum","23","Gan√¢ncia","BRL","0.52","Perdeu 2 sal√°rios em apostas. ""Estrat√©gia falhou, mas vou recuperar"".","default","pending"
"low","-6","13","trash","bc1a736ddcdb","DropVoid","19","Consumo","BRL","0.47","Dropshipping sem vendas. 50 produtos, 0 clientes.","default","pending"
"low","-7","17","trash","8954ca3a2165","RaivaTuite","24","Impulso","BRL","0.54","Discute com desconhecidos 24/7. Energia: √≥dio gratuito.","default","pending"
"low","-6","11","trash","f6ea2467c936","FollowFake","17","Influ√™ncia","BRL","0.44","Comprou 10k seguidores. Engajamento: 3 likes.","default","pending"
"low","-7","14","trash","a430a7ffef41","ClipeC√≥pia","21","Pregui√ßa","BRL","0.49","Repostou o mesmo meme 50 vezes. Acha que vai viralizar.","default","pending"
"low","-7","19","trash","f365a8fc5f1a","CriptoRekt","26","Gan√¢ncia","BRL","0.56","Investiu na moeda errada. Agora explica ""por que n√£o era scam"".","default","pending"
"low","-6","12","trash","63a3ff2c9001","PodcastV√£o","18","Influ√™ncia","BRL","0.46","30 epis√≥dios, 5 ouvintes. Temas: ""como escalar"" e ""mindset"".","default","pending"
"low","-7","15","trash","6aeb53b3dcdd","StoryFalso","22","Consumo","BRL","0.51","Aluga carro pra fingir sucesso. 3 stories por dia de ""lifestyle"".","default","pending"
"low","-6","10","trash","46ac9ebe6666","LikeBot","16","Impulso","BRL","0.42","Curtiu 1000 posts sem ler nenhum. Scroll autom√°tico.","default","pending"
"low","-7","13","trash","76b3cc8eb97f","TrendLate","20","Pregui√ßa","BRL","0.48","Dan√ßa trend de 6 meses atr√°s. Acha que t√° na vibe.","default","pending"
"low","-7","16","trash","b8d4605533e4","GrindGhost","23","Gan√¢ncia","BRL","0.53","Hustla 24/7 mas n√£o ganha nada. ""Processo"" sem resultado.","default","pending"
"low","-7","14","trash","9555e6b117a2","ReelCringe","21","Influ√™ncia","BRL","0.49","Transi√ß√£o mal editada. Som atrasado. Posted anyway.","default","pending"
"low","-6","11","trash","a71ae71540c9","BioClich√™","17","Consumo","BRL","0.44","""CEO da pr√≥pria vida üí™","Viagem √© vida ‚úàÔ∏è","pending"
"low","-7","12","trash","361e705ae9c1","MemeLixo","19","Pregui√ßa","BRL","0.47","Reposta meme de 2019. Sem contexto. 2 coment√°rios: ""???"".","default","pending"
"low","-7","15","trash","2838a074a519","HypeZero","22","Impulso","BRL","0.51","Anunciou projeto. Sumiu. Voltou 1 ano depois com ""coming soon"".","default","pending"
"low","-7","13","trash","8ec8008557f8","SpamLord","20","Gan√¢ncia","BRL","0.48","Envia DM com link de afiliado. Bloqueado 500 vezes.","default","pending"
"low","-7","17","trash","cd4c79234cbb","CursoFail","24","Gan√¢ncia","BRL","0.54","Vende mentoria sem resultado. ""Mas os outros conseguiram"".","default","pending"
"low","-7","14","trash","81798e4d05aa","TikFlopado","21","Influ√™ncia","BRL","0.49","50 v√≠deos postados. Melhor resultado: 73 views.","default","pending"
"low","-7","18","trash","f6f314a7173d","NFTOrf√£","25","Consumo","BRL","0.55","Comprou JPEG por 2 ETH. Valor atual: $12.","default","pending"
"low","-6","12","trash","492b3c605280","ThreadSeco","18","Pregui√ßa","BRL","0.46","Thread de 15 tweets. 1 like. Do pr√≥prio perfil.","default","pending"
"low","-6","11","trash","dd0d65b79709","PinEterno","17","Impulso","BRL","0.44","Pinou tweet de 2 anos. Ningu√©m leu.","default","pending"
"low","-7","16","trash","df2963126703","PlayViciado","23","Pregui√ßa","BRL","0.52","8h/dia de jogo. 0h de produtividade. ""Mas sou streamer"".","default","pending"
"low","-7","19","trash","7198d20edcba","GigEscrav","26","Gan√¢ncia","BRL","0.56","Entregador 12h/dia. Ganha menos que sal√°rio m√≠nimo. ""Liberdade"".","default","pending"
"low","-7","13","trash","f4ede4d900eb","MetaGado","20","Influ√™ncia","BRL","0.48","Segue todo trend. Zero personalidade. Clone algor√≠tmico.","default","pending"
"low","-6","10","trash","993c927bf37a","ResenhaBot","16","Pregui√ßa","BRL","0.42","Comenta ""Top!"" em 200 posts. Todos geridos por bot.","default","pending"
"low","-7","15","trash","c11c70ae1ff7","FakeGuru","22","Gan√¢ncia","BRL","0.51","Vendeu curso. Conte√∫do: print de artigo do Google.","default","pending"
"low","-7","14","trash","144d25b45be0","DoomScroll","21","Pregui√ßa","BRL","0.49","4h di√°rias no feed. Absorveu: nada. Energia: drenada.","default","pending"
"low","-7","12","trash","f53cbbf27aa2","BuzzVazio","19","Informa√ß√£o","BRL","0.47","Clickbait master. T√≠tulo: üî•. Conte√∫do: 404.","default","pending"
"low","-7","16","trash","c07e44f1d4a4","ImpulsoShop","23","Consumo","BRL","0.53","Comprou 50 itens online. Usou 2. Resto: doa√ß√£o.","default","pending"
"low","-7","18","trash","47a046542d07","RageBait","25","Impulso","BRL","0.55","Posta coisa pol√™mica s√≥ pra gerar rage. Comenta os √≥dios: lucro.","default","pending"
"low","-6","11","trash","a7b779cd2e49","LurkShadow","17","Pregui√ßa","BRL","0.44","3 anos sem postar. S√≥ stalkeando. Perfil privado.","default","pending"
"low","-7","13","trash","d1db020f63d0","BioLink","20","Gan√¢ncia","BRL","0.48","Link na bio com 30 redirecionamentos. Tr√°fego: 0.","default","pending"
"low","-7","15","trash","95f3ced098d0","ViewFake","22","Influ√™ncia","BRL","0.51","Comprou views. Algoritmo detectou. Shadowbanned.","default","pending"
"low","-7","14","trash","f2d05f74ddd8","BolaEco","21","Informa√ß√£o","BRL","0.49","Vive em bolha ideol√≥gica. S√≥ segue quem concorda.","default","pending"
"low","-7","17","trash","6fe36fdeab6a","BurnZumbi","24","Pregui√ßa","BRL","0.54","Burnout fingido. Trabalha 2h/dia. Reclama 6h.","default","pending"
"low","-7","12","trash","0c6063e29c9c","ShillLost","19","Gan√¢ncia","BRL","0.47","Shillou 20 projetos. Todos ruggados. Pr√≥ximo: ""confia"".","default","pending"
"low","-7","16","trash","a0cb195a6f76","AlfaPretnd","23","Influ√™ncia","BRL","0.52","Se diz alfa. Mora com os pais. Nunca teve relacionamento.","default","pending"
"low","-7","18","trash","db30e7135907","HustleFake","25","Gan√¢ncia","BRL","0.55","Posta rotina produtiva. Real: Netflix 10h.","default","pending"
"low","-7","13","trash","374a7176599b","TrapSocial","20","Impulso","BRL","0.48","Cai em bait toda semana. Argumenta com bot.","default","pending"
"low","-7","15","trash","941e68acc76e","EngajeFome","22","Influ√™ncia","BRL","0.51","""Marque 3 amigos!"" Ningu√©m marca.","default","pending"
"low","-7","19","trash","b08f55f63ac1","CoachBluff","26","Gan√¢ncia","BRL","0.56","Vendeu 2 mentorias. Cliente ghostou. ""Ele n√£o quis sucesso"".","default","pending"
"low","-7","11","trash","7196f0961518","HashtagSpam","18","Pregui√ßa","BRL","0.45","30 hashtags por post. Reach: org√¢nico 0.","default","pending"
"low","-7","14","trash","61b1f8bb2436","CapaFalsa","21","Consumo","BRL","0.49","Capa do Kindle com stock photo. Livro: ChatGPT n√£o revisado.","default","pending"
"low","-7","12","trash","9ff7334af416","RaidNulo","19","Impulso","BRL","0.47","Fez raid. 2 pessoas assistiram. Ambas: bots.","default","pending"
"low","-6","10","trash","d8ea232ca647","RetweetBot","16","Pregui√ßa","BRL","0.43","RT sem ler. 100 posts/dia. Opini√£o: nenhuma.","default","pending"
"low","-7","17","trash","b4306b9ce1a9","SigmaMeme","24","Influ√™ncia","BRL","0.54","Usa ""sigma grindset"" sem ironia. Trabalha: 0h.","default","pending"
"low","-7","15","trash","a059881a850d","Webin√°rV√£o","22","Gan√¢ncia","BRL","0.51","Webinar gr√°tis. Pitch de venda disfar√ßado. Inscritos: 3.","default","pending"
"low","-7","13","trash","6e18e8ce372f","ExpoPretens","20","Consumo","BRL","0.48","Comprou ingresso pra evento. Foi pra foto. Networking: 0.","default","pending"
"low","-7","14","trash","29e4a617121d","ViraLixo","21","Informa√ß√£o","BRL","0.49","Tentou viralizar 50 vezes. Resultado: nada.","default","pending"
"low","-6","11","trash","e0796c9b1a27","BotFollow","17","Influ√™ncia","BRL","0.44","Segue 10k. Seguido por 50. Taxa: rob√¥ confirmado.","default","pending"
"low","-7","12","trash","7cfbe6b0b041","CopyPasteGM","19","Pregui√ßa","BRL","0.46","""GM"" todo dia. Intera√ß√£o real: zero.","default","pending"
"low","-7","16","trash","ba173671ad67","AudioFail","23","Impulso","BRL","0.52","Gravou √°udio de 5min sem editar. Qualidade: celular no bolso.","default","pending"
"low","-7","18","trash","81f7804cdc2d","MetaZumbi","25","Consumo","BRL","0.55","Comprou headset VR. Usou 1 vez. ""√â o futuro"".","default","pending"
"low","-7","13","trash","c62619631bc2","PlugDrop","20","Gan√¢ncia","BRL","0.48","Dropou link em conversa aleat√≥ria. Ban instant√¢neo.","default","pending"
"low","-7","15","trash","64c0316f4479","SubBeg","22","Influ√™ncia","BRL","0.51","""Inscreva-se!"" 100 vezes. Ganhou: -5 subs (unsub).","default","pending"
"low","-7","19","trash","37d87553e8a6","GigaFake","26","Gan√¢ncia","BRL","0.56","Fingiu ser rico. Print de saldo falso. Exposed em 24h.","default","pending"
"low","-7","14","trash","901b7bf06bf5","CarreiraVap","21","Pregui√ßa","BRL","0.49","Mudou de carreira 5 vezes em 1 ano. Ainda desempregado.","default","pending"
"low","-7","17","trash","81de8db6d4d4","CancelFodas","24","Impulso","BRL","0.54","Tentou cancelar algu√©m. Tinha 12 seguidores.","default","pending"
"low","-7","12","trash","1a564601f022","LiveDesert","19","Influ√™ncia","BRL","0.47","Live com 1 viewer: ele mesmo (segunda tela).","default","pending"
"low","-7","16","trash","730153ad96c7","CloutChase","23","Gan√¢ncia","BRL","0.53","Faz qualquer coisa por aten√ß√£o. Resultado: cringe documentado.","default","pending"
"low","-7","11","trash","2d27253c06f2","TempBobo","18","Pregui√ßa","BRL","0.45","Usa template de post. Esquece de trocar nome da marca.","default","pending"
"low","-7","18","trash","979a90a559f8","TradeNoob","25","Gan√¢ncia","BRL","0.55","Day trade sem estudo. Perdeu tudo. ""Mercado t√° manipulado"".","default","pending"
"low","-7","13","trash","c5835410f6eb","SelfEterno","20","Consumo","BRL","0.48","300 selfies. 1 post. Nenhum like do crush.","default","pending"
"low","-7","15","trash","9f8f72e2d6fb","C√≥piaNota","22","Informa√ß√£o","BRL","0.51","Copia nota de rodap√©. Acha que ningu√©m vai perceber.","default","pending"
"low","-7","14","trash","0fc4531de37f","DicaSeca","21","Pregui√ßa","BRL","0.49","""Dica: seja voc√™ mesmo üôè"". Engajamento: sil√™ncio.","default","pending"
"low","-7","12","trash","3fa9e0f88604","SpaceFraco","19","Impulso","BRL","0.47","Criou Space. 3 participantes. 2 sa√≠ram no meio.","default","pending"
"low","-7","16","trash","28c78e86fa7c","PropSurda","23","Gan√¢ncia","BRL","0.52","Propagando produto que nunca usou. Credibilidade: -100.","default","pending"
"low","-6","10","trash","33f7db141216","PinOrf√£","16","Pregui√ßa","BRL","0.43","Board no Pinterest com 1 pin. Descri√ß√£o: ""Inspira√ß√£o"".","default","pending"
"low","-7","17","trash","4bc57a3c783c","AlgoIgnor","24","Influ√™ncia","BRL","0.54","Algoritmo deu ghosting. Shadow ban permanente.","default","pending"
"low","-7","13","trash","730037526a79","PlaySolo","20","Pregui√ßa","BRL","0.48","Joga solo. Sem party. Sem amigos. ""Sou lone wolf"".","default","pending"
"low","-7","15","trash","1290c04f7f44","ProtFollow","22","Influ√™ncia","BRL","0.51","Protege tweet. 50 seguidores. Ningu√©m pede pra seguir.","default","pending"
"low","-7","18","trash","8e36c828be91","AfiliZero","25","Gan√¢ncia","BRL","0.55","Link de afiliado postado 100 vezes. Venda: nenhuma.","default","pending"
"low","-7","14","trash","0bed67fa164e","ReelsLoop","21","Pregui√ßa","BRL","0.49","Mesmo reels repostado 10 vezes. ""Vai que pega"".","default","pending"
"low","-6","11","trash","5a5f6dc730ef","ParaSempre","17","Impulso","BRL","0.44","Status ""online"" 24/7. Vida social: inexistente.","default","pending"
"low","-7","12","trash","d3bf0c916cb9","TagNingu√©m","19","Pregui√ßa","BRL","0.46","Taga 20 pessoas. Nenhuma responde. Nunca.","default","pending"
"low","-7","19","trash","50f29560214e","PromFake","26","Gan√¢ncia","BRL","0.56","Prometeu produto em 2022. Sumiu. Voltou em 2025: ""Em breve"".","default","pending"
"low","-7","13","trash","826f646264f9","BioPoser","20","Consumo","BRL","0.48","Bio com 10 t√≠tulos falsos. LinkedIn: desempregado.","default","pending"
"low","-7","16","trash","ab1a81b79dfe","MoodBoard","23","Pregui√ßa","BRL","0.52","Fez moodboard. Nunca executou projeto. ""Era s√≥ inspira√ß√£o"".","default","pending"
"low","-7","14","trash","1fbe692fbb02","CarouMort","21","Influ√™ncia","BRL","0.49","Carrossel de 10 slides. Views no √∫ltimo: 5.","default","pending"
"low","-7","15","trash","08a2d31ebffc","SaveVazio","22","Pregui√ßa","BRL","0.51","Salvou 500 posts. Revisitou: 0.","default","pending"
"low","-7","17","trash","a80ce29ad0ec","TrapEngaje","24","Impulso","BRL","0.54","Cai em isca de engajamento toda vez. Comentou: ""Nossa que chocante!"".","default","pending"
"low","-7","12","trash","694577e4167b","BuzzKiller","19","Informa√ß√£o","BRL","0.47","Responde hype com negatividade. Amigos: unfollowed.","default","pending"
"low","-7","11","trash","e2707be42fe5","RaidBot","18","Influ√™ncia","BRL","0.45","Raid em canal vazio. 5 bots chegaram.","default","pending"
"low","-7","18","trash","e93a5a10aeae","CollabGhost","25","Gan√¢ncia","BRL","0.55","Prop√¥s collab. N√£o respondeu depois. Ghosting profissional.","default","pending"
"low","-7","13","trash","bd1480f82c46","DuetFlop","20","Pregui√ßa","BRL","0.48","Fez dueto. Original: 10M views. Dele: 47.","default","pending"
"low","-7","15","trash","6bb151d3037a","ExpireConte","22","Consumo","BRL","0.51","Conte√∫do expira em 24h. Esfor√ßo: wasted.","default","pending"
"low","-7","14","trash","d579decade1a","QuoteVazio","21","Pregui√ßa","BRL","0.49","""Seja forte üí™"" em arte gen√©rica. Inspirou: ningu√©m.","default","pending"
"low","-7","16","trash","01a5c5fdc3cc","FormFake","23","Gan√¢ncia","BRL","0.52","Formul√°rio de cadastro. Vendeu dados. Processo: iminente.","default","pending"
"low","-7","12","trash","33a3f24fec1d","VlogAband","19","Pregui√ßa","BRL","0.47","Vlog di√°rio. Durou 3 dias. ""Vou voltar logo"".","default","pending"
"low","-7","17","trash","620df3221dbc","TrapClick","24","Impulso","BRL","0.54","Clicou em phishing. Conta hackeada. ""Era promo√ß√£o real"".","default","pending"
"low","-7","11","trash","80ade52c5fce","LevelFraco","18","Influ√™ncia","BRL","0.45","Level 1 no jogo social. Sem XP. Stuck.","default","pending"
"low","-7","13","trash","72cb8b16972f","MemeOld","20","Pregui√ßa","BRL","0.48","Meme de 2015. ""Cl√°ssico"". Cringe confirmado.","default","pending"
"low","-7","19","trash","3d590f862a68","BaitGuloso","26","Impulso","BRL","0.56","Caiu em 10 baits. Ainda cai. ""Dessa vez √© real"".","default","pending"
"low","-7","15","trash","45f65586ac2b","ShopImpulso","22","Consumo","BRL","0.51","Carrinho cheio. Finalizou 0. FOMO sem convers√£o.","default","pending"
"low","-7","14","trash","f54ac27ef3a7","ListaEsq","21","Pregui√ßa","BRL","0.49","Lista de ""assistir depois"". 500 itens. Assistiu: 0.","default","pending"
"low","-6","10","trash","62b7bd2fc526","BotReply","16","Impulso","BRL","0.43","Responde automaticamente. Conversa: imposs√≠vel.","default","pending"
"low","-7","12","trash","78217c6cb14f","GhostReader","19","Pregui√ßa","BRL","0.47","L√™ mensagens sem responder. Ghosting master.","default","pending"
"low","-6","11","trash","ec2e73bf496d","ViewerUm","17","Influ√™ncia","BRL","0.44","√önico viewer da pr√≥pria live: a m√£e.","default","pending"
"low","-7","16","trash","780222275def","TrendCorpse","23","Pregui√ßa","BRL","0.52","Trend morto ressuscitado. N√£o funciona mais.","default","pending"
"low","-7","13","trash","2dbf2f51473a","SubPerdido","20","Influ√™ncia","BRL","0.48","Inscrito em 200 canais. Assiste: nenhum.","default","pending"
"low","-7","18","trash","923fd549a84f","BaitEterno","25","Impulso","BRL","0.55","Cai em bait infinitamente. Aprende: nunca.","default","pending"
"low","-7","14","trash","ff89d4bc7e27","CopyVerg","21","Gan√¢ncia","BRL","0.49","Copiou post viral. Esqueceu de trocar @ do original.","default","pending"
"low","-7","15","trash","06b8aff22834","DicaNada","22","Pregui√ßa","BRL","0.51","Dica gen√©rica. Valor: zero. ""Acredite em voc√™"".","default","pending"
"low","-7","17","trash","4854f441a53f","PixOrf√£o","24","Gan√¢ncia","BRL","0.54","Pix na bio. Recebido: R$0,00 lifetime.","default","pending"
"low","-7","12","trash","73e9b155dbff","PodVazio","19","Pregui√ßa","BRL","0.47","Podcast de 2h. Conte√∫do real: 10min.","default","pending"
"low","-7","19","trash","5a6661254693","ViewBought","26","Influ√™ncia","BRL","0.56","Comprou views. Algoritmo puniu. Engajamento: morte.","default","pending"
"low","-7","11","trash","5a0fa598d5f8","RetweetSec","18","Pregui√ßa","BRL","0.45","Retweeta em segundos. L√™: nunca.","default","pending"
"low","-7","16","trash","72bc05cf21a2","InfluFake","23","Consumo","BRL","0.52","Se diz influencer. Influencia: 0 pessoas.","default","pending"
"low","-7","13","trash","fa699c462a4a","ThreadNulo","20","Pregui√ßa","BRL","0.48","Thread prometida. Postou 1/10. Esqueceu.","default","pending"
"low","-7","18","trash","235b060f5232","MentorBluff","25","Gan√¢ncia","BRL","0.55","Mentor sem mentorado. Expertise: TikTok de dicas.","default","pending"
"low","-7","14","trash","9585e7284f47","LoopMental","21","Impulso","BRL","0.49","Preso em loop. Mesmo erro 50 vezes.","default","pending"
"low","-7","15","trash","90d2fcf5f2c7","BioPromessa","22","Influ√™ncia","BRL","0.51","Bio: ""Em breve novidades"". Eternamente.","default","pending"
"low","-7","12","trash","597985bb5d39","FollowTrap","19","Impulso","BRL","0.47","Follow pra unfollow. Detectado. Blocked.","default","pending"
"low","-7","17","trash","4013c1b814db","ViraFail","24","Pregui√ßa","BRL","0.54","Tentou viralizar com desafio idiota. Resultado: ban.","default","pending"
"low","-6","10","trash","378c09339db0","PlayEmpty","16","Pregui√ßa","BRL","0.43","Playlist vazia. Curadoria: inexistente.","default","pending"
"low","-7","13","trash","10e54caa2c5d","HashDead","20","Pregui√ßa","BRL","0.48","Hashtag morta. Usado: s√≥ ele.","default","pending"
"low","-7","16","trash","067ebb24b1fc","StatusGhost","23","Influ√™ncia","BRL","0.52","Status invis√≠vel. Ningu√©m v√™. Ningu√©m liga.","default","pending"
"low","-7","14","trash","006c6a748118","DuoZero","21","Impulso","BRL","0.49","Chamou pra duo. Ningu√©m aceitou. Solo for√ßado.","default","pending"
"low","-7","11","trash","138a896c5f06","LiveMute","18","Pregui√ßa","BRL","0.45","Live no mute. Chat: ""Som?"" x100.","default","pending"
"low","-7","15","trash","d1d726540d69","BurnFalse","22","Consumo","BRL","0.51","Finge burnout. Trabalha 3h/semana. Drama: full time.","default","pending"
"low","-7","12","trash","4e2d1f2d9d2e","NichoEsqc","19","Influ√™ncia","BRL","0.47","Nicho abandonado. 0 relev√¢ncia. Fantasma do algoritmo.","default","pending"
"low","-7","14","trash","92e9bca50968","FeedVazio","21","Consumo","BRL","0.49","Timeline sem alma. Algoritmo confuso. Serve: an√∫ncios.","default","pending"
"low","-7","12","trash","2dab7c732066","NotifGhost","19","Pregui√ßa","BRL","0.47","Notifica√ß√£o fantasma. Clica. Nada aparece.","default","pending"
"low","-6","10","trash","744fc6ba523c","Bot√£oLike","16","Impulso","BRL","0.43","Bot√£o gasto de tanto usar. Crit√©rio: nenhum.","default","pending"
"low","-7","13","trash","24e326c9b0bf","DMSeco","20","Influ√™ncia","BRL","0.48","DM sem resposta. Visto. Ignorado. Ghosting garantido.","default","pending"
"low","-7","15","trash","d9a7192295d8","LinkQueb","22","Informa√ß√£o","BRL","0.51","404. Promessa n√£o cumprida. Hype desperdi√ßado.","default","pending"
"low","-7","11","trash","476bb04a86b7","HashtagMort","18","Pregui√ßa","BRL","0.45","Hashtag sem uso. Cemit√©rio digital.","default","pending"
"low","-7","14","trash","024427f69171","TemplateGen","21","Consumo","BRL","0.49","Template Canva 1000x usado. Originalidade: 0.","default","pending"
"low","-7","16","trash","63850cecb316","FiltroFake","23","Consumo","BRL","0.52","Filtro que mente. ""Realidade aumentada"" do autoengano.","default","pending"
"low","-7","12","trash","35aab73f97e5","PlaylistBot","19","Pregui√ßa","BRL","0.47","Playlist gerada por IA. Soul: inexistente.","default","pending"
"low","-7","17","trash","e15b8972c0b6","PixPromessa","24","Gan√¢ncia","BRL","0.54","QR code eterno. Nunca recebe. Esperan√ßa: morta.","default","pending"
"low","-7","13","trash","9e2590ea47f3","StoryExp","20","Pregui√ßa","BRL","0.48","Story de 24h esquecido. View: 3. Impacto: nenhum.","default","pending"
"low","-7","11","trash","b834360605a3","PinOrphan","18","Pregui√ßa","BRL","0.45","Pin sem board. Perdido no vazio do Pinterest.","default","pending"
"low","-7","14","trash","fa770b30db25","TagIn√∫til","21","Impulso","BRL","0.49","Tag que ningu√©m clica. SEO falhou.","default","pending"
"low","-6","10","trash","7f26e7cbeec3","IconeC√≥pia","16","Consumo","BRL","0.43","√çcone gen√©rico. Identidade: plagiada.","default","pending"
"low","-7","15","trash","374406b836d1","ViewCount0","22","Influ√™ncia","BRL","0.51","Contador travado em 0. Algoritmo esqueceu de voc√™.","default","pending"
"low","-7","12","trash","acdf174a56a2","CacheGhost","19","Pregui√ßa","BRL","0.47","Cache corrompido. Dados: perdidos. Backup: nenhum.","default","pending"
"low","-7","16","trash","e1f42ff35cf1","ThreadUnfin","23","Pregui√ßa","BRL","0.52","Thread inacabada. ""Continua..."" Nunca continuou.","default","pending"
"low","-7","13","trash","a640614a45a5","CarrosselVz","20","Pregui√ßa","BRL","0.48","Carrossel sem final. Swipe in√∫til.","default","pending"
"low","-7","14","trash","d11e0affe43a","BannerGen","21","Consumo","BRL","0.49","Banner stock. Marca: esquec√≠vel.","default","pending"
"low","-7","11","trash","bab174c0b104","LogoFail","18","Consumo","BRL","0.45","Logo feia. Feita no Paint. ""√â provis√≥rio"" h√° 3 anos.","default","pending"
"low","-7","17","trash","ffed422f8d0d","AudioRuim","24","Impulso","BRL","0.54","√Åudio que d√≥i. Qualidade: celular 2010.","default","pending"
"low","-7","12","trash","3d7115158a8d","CropErrado","19","Pregui√ßa","BRL","0.47","Crop que cortou a parte importante. Repost: fail.","default","pending"
"low","-7","15","trash","cf72c7e2a99a","FonteCringe","22","Consumo","BRL","0.51","Comic Sans n√£o ir√¥nica. Design: morreu.","default","pending"
"low","-7","13","trash","a745aceed380","MemeRobado","20","Pregui√ßa","BRL","0.48","Meme sem cr√©ditos. Marca d'√°gua vis√≠vel. Vergonha.","default","pending"
"low","-7","14","trash","931cb390f10d","QRMorto","21","Informa√ß√£o","BRL","0.49","QR code expirado. Scan in√∫til.","default","pending"
"low","-6","10","trash","c98f32b99ffe","GifPesado","16","Impulso","BRL","0.43","GIF de 50MB. Carrega: nunca.","default","pending"
"low","-7","11","trash","ce2c929e418a","EmojiFlood","18","Impulso","BRL","0.45","50 emojis. Mensagem ileg√≠vel. Prop√≥sito: ???","default","pending"
"low","-7","16","trash","44db5001896e","ThumbFalso","23","Informa√ß√£o","BRL","0.52","Thumbnail clickbait. V√≠deo n√£o entrega. Decep√ß√£o.","default","pending"
"low","-7","12","trash","481c2dc4432b","DescVazia","19","Pregui√ßa","BRL","0.47","Descri√ß√£o: ""..."". Contexto: perdido para sempre.","default","pending"
"low","-7","15","trash","6ec0600a9459","MetaErrada","22","Informa√ß√£o","BRL","0.51","Meta tag errada. SEO: sabotado pelo pr√≥prio criador.","default","pending"
"low","-7","17","trash","73ace5a5245d","CancelFraco","24","Impulso","BRL","0.54","Tentativa de cancelamento. 10 pessoas. Esquecido em 2h.","default","pending"
"low","-7","14","trash","9aaf28c687aa","TrendMorto","21","Pregui√ßa","BRL","0.49","Trend expirado. Ainda tentando usar. Cringe confirmado.","default","pending"
"low","-7","15","trash","1ca991af6c8e","HypeGone","22","Influ√™ncia","BRL","0.51","Hype evaporou. Ningu√©m lembra. Era pra ser grande.","default","pending"
"low","-7","13","trash","5fb3f0c2caec","ViralFail","20","Impulso","BRL","0.48","Tentou viralizar. 50 views. Fam√≠lia fingiu que viu.","default","pending"
"low","-7","12","trash","d4d4c704a12a","BugIgnorado","19","Informa√ß√£o","BRL","0.47","Bug reportado. Ignored. Closed: ""Working as intended"".","default","pending"
"low","-7","16","trash","cb534d9273bb","BoicoFrac","23","Impulso","BRL","0.52","Boicote com 12 participantes. Empresa nem notou.","default","pending"
"low","-7","18","trash","4ca813017901","MemeQuente","25","Informa√ß√£o","BRL","0.55","Meme de 48h. Expirado. Contextless agora.","default","pending"
"low","-7","11","trash","cd05a96e17cb","HashChal","18","Pregui√ßa","BRL","0.45","Challenge sem participantes. S√≥ o criador tentou.","default","pending"
"low","-7","14","trash","e7104820e686","SpaceVazio","21","Influ√™ncia","BRL","0.49","Space criado. 2 ouvintes. Ambos: AFK.","default","pending"
"low","-6","10","trash","7e1b3af141b6","RaidFail","16","Impulso","BRL","0.43","Raid sem viewers. Chegaram: 0. Constrangimento.","default","pending"
"low","-7","15","trash","f8fd34015ccb","ColabGhost","22","Gan√¢ncia","BRL","0.51","Colabora√ß√£o prometida. Ghosting m√∫tuo. Nada saiu.","default","pending"
"low","-7","17","trash","a85e41919fbf","EventoCance","24","Impulso","BRL","0.54","Evento online cancelado. 0 ingressos vendidos.","default","pending"
"low","-7","13","trash","f057c48f086c","CrowdNone","20","Gan√¢ncia","BRL","0.48","Crowdfunding: R$50 de meta. Arrecadado: R$0.","default","pending"
"low","-7","19","trash","4853d431dbc0","SorteioFake","26","Gan√¢ncia","BRL","0.56","Sorteio prometido. Ganhador nunca anunciado. Fake.","default","pending"
"low","-7","12","trash","0055b576fc48","LiveDeserta","19","Influ√™ncia","BRL","0.47","Live de lan√ßamento. 1 view: o pr√≥prio.","default","pending"
"low","-7","16","trash","0c93b03d3304","PromoCrash","23","Consumo","BRL","0.52","Promo√ß√£o quebrou site. Vendeu: nada. Caiu antes.","default","pending"
"low","-7","14","trash","a8d7c3f656d4","UpdateBug","21","Informa√ß√£o","BRL","0.49","Update que quebrou tudo. Rollback: vergonhoso.","default","pending"
"low","-7","11","trash","40b4db940e4b","PatchFail","18","Informa√ß√£o","BRL","0.45","Patch que criou mais bugs. Hotfix: piorou.","default","pending"
"low","-7","15","trash","918a4a95c47c","ManutInf","22","Pregui√ßa","BRL","0.51","Manuten√ß√£o eterna. Previs√£o: nunca volta.","default","pending"
"low","-7","13","trash","e30af1e3ee33","ServMort","20","Informa√ß√£o","BRL","0.48","Servidor caiu. Backup: n√£o existe. Data loss total.","default","pending"
"low","-6","10","trash","96979c58c940","ErroFatal","16","Informa√ß√£o","BRL","0.43","Erro 500. Sempre. Resolu√ß√£o: imposs√≠vel.","default","pending"
"low","-7","12","trash","a6025084bd18","BanInjusto","19","Impulso","BRL","0.47","Ban sem motivo. Appeal: negado. Automa√ß√£o falha.","default","pending"
"medium","-13","42","meme","001d7aba3e46","IdeiaViral","55","Influ√™ncia","BRL","5.5","Teve a ideia antes. N√£o executou. Outro viralizou. Arrependimento eterno.","neon","pending"
"medium","-10","38","meme","d6677a9010ba","DropShipper","48","Gan√¢ncia","BRL","4.8","Vende produto que nunca viu. Margem: 3%. ""Empres√°rio"".","default","pending"
"medium","-13","45","meme","e459d68eb303","CoachMin","58","Gan√¢ncia","BRL","5.8","Vendeu 3 cursos. Comprador: a m√£e, a tia e ele pr√≥prio.","neon","pending"
"medium","-12","40","meme","9cf5fab4c584","PixGuru","52","Gan√¢ncia","BRL","5.2","Ensina a ganhar dinheiro. Ganha: com quem quer aprender.","default","pending"
"medium","-13","43","meme","640c8272f2ec","TrendSurfer","56","Influ√™ncia","BRL","5.6","Pula de trend em trend. Identidade: indefinida.","neon","pending"
"medium","-10","37","meme","4a55a9e6bf31","SigmaBluff","47","Impulso","BRL","4.7","Se diz sigma. Comportamento: beta documentado.","default","pending"
"medium","-12","41","meme","c63e3d6d26da","EngajaBot","53","Impulso","BRL","5.3","Comenta em todos os posts. Engajamento: comprado.","neon","pending"
"medium","-13","46","meme","8529027d3e9e","BuzzHunter","59","Informa√ß√£o","BRL","5.9","Ca√ßa buzz. Opina sem ler. Energia: rea√ß√£o instant√¢nea.","glow","pending"
"medium","-11","39","meme","73e381ad1f64","ScrollM√°q","50","Pregui√ßa","BRL","5","Scroll 6h/dia. Produtivo: 0h. ""Pesquisando"".","default","pending"
"medium","-13","44","meme","fcd7b2e328b8","PodLord","57","Influ√™ncia","BRL","5.7","Podcast ""top"". 20 ouvintes. Monetizado: nunca.","neon","pending"
"medium","-13","42","meme","baa60af4fe8d","HustleLarp","55","Gan√¢ncia","BRL","5.5","Finge hustle. Acorda 11h. LinkedIn: acordei √†s 4AM.","default","pending"
"medium","-12","48","meme","ef2fa4340496","CriptoMax","60","Gan√¢ncia","BRL","6","All-in em cripto. Volatilidade: sua personalidade agora.","glow","pending"
"medium","-12","40","meme","652aacaa7086","TikStar","52","Influ√™ncia","BRL","5.2","100k seguidores. Engajamento: 50 likes. Bots confirmados.","default","pending"
"medium","-10","36","meme","c0242a085bfd","GamerLost","46","Pregui√ßa","BRL","4.6","Joga 10h/dia. Skill: platina. Vida social: bronze.","default","pending"
"medium","-10","38","meme","a33c6079787d","PinPregui","48","Pregui√ßa","BRL","4.8","Pinou a mesma coisa h√° 2 anos. Relev√¢ncia: expirada.","default","pending"
"medium","-13","45","meme","a4c97c16d2cd","AlgoFodido","58","Influ√™ncia","BRL","5.8","Algoritmo shadowbanned. Insiste. ""Vai voltar"".","neon","pending"
"medium","-13","43","meme","b537a51e1b1e","MemeDealer","56","Informa√ß√£o","BRL","5.6","Reposta memes. Sem cr√©dito. Karma negativo.","default","pending"
"medium","-12","41","meme","993f0ec24926","GrindFake","53","Gan√¢ncia","BRL","5.3","Grindset falso. Real: pregui√ßa documentada.","default","pending"
"medium","-12","47","meme","3210461d320b","CloutFarmer","59","Influ√™ncia","BRL","5.9","Faz qualquer coisa por aten√ß√£o. Dignidade: opcional.","glow","pending"
"medium","-11","39","meme","d01a7467667a","TrapQueen","50","Impulso","BRL","5","Cai em bait semanalmente. Nunca aprende.","default","pending"
"medium","-13","44","meme","03b3104c7f81","RageFarmer","57","Impulso","BRL","5.7","Cultiva raiva. Colhe: mais raiva. Ciclo infinito.","neon","pending"
"medium","-12","40","meme","d6124e8df978","ViewCarol","52","Influ√™ncia","BRL","5.2","Ca√ßa views desesperadamente. √âtica: negoci√°vel.","default","pending"
"medium","-12","46","meme","b78f6e7168c5","BaitMaster","58","Impulso","BRL","5.8","Mestre do bait. Morde o pr√≥prio. Ironia suprema.","glow","pending"
"medium","-10","38","meme","1b7fde7ee29c","InfluWannab","48","Influ√™ncia","BRL","4.8","Quer ser influencer. Talento: insist√™ncia.","default","pending"
"medium","-13","42","meme","e7413756a34f","SkinInvest","55","Consumo","BRL","5.5","Investiu em skins. Valor: despencou. ""√â investimento"".","neon","pending"
"medium","-10","37","meme","ada583fdc882","MetaEscravo","47","Impulso","BRL","4.7","Serve ao meta sem questionar. Autonomia: nenhuma.","default","pending"
"medium","-13","45","meme","0db03b74fed5","PlayV√≠cio","58","Pregui√ßa","BRL","5.8","Viciado em jogo. Justifica: ""√â trabalho. Sou gamer"".","neon","pending"
"medium","-13","43","meme","35bd4145a6e9","TradeRekt","56","Gan√¢ncia","BRL","5.6","Perdeu tudo no trade. Culpa: mercado manipulado.","default","pending"
"medium","-12","41","meme","36d9ecf03da5","NFTCopeiro","53","Consumo","BRL","5.3","Comprou NFT no topo. Segura bag. ""Diamond hands"" for√ßado.","neon","pending"
"medium","-11","39","meme","0a0d1c52da7a","DropFlip","50","Gan√¢ncia","BRL","5","Dropshipping de dropshipping. Lucro: comiss√£o da comiss√£o.","default","pending"
"medium","-13","44","meme","73db4eaf56ab","GhostPost","57","Pregui√ßa","BRL","5.7","Postou 1 vez. Sumiu. ""Focando em mim"".","default","pending"
"medium","-13","46","meme","efdb9355ff09","ToxicKing","59","Impulso","BRL","5.9","T√≥xico em tudo. Banido 10 vezes. Cria nova conta. Repete.","glow","pending"
"medium","-12","40","meme","067f67c3c3e9","C√≥piaPura","52","Influ√™ncia","BRL","5.2","Copia conte√∫do 1:1. ""Me inspirei"".","default","pending"
"medium","-10","38","meme","580b1bb3d672","BuzzKill","48","Informa√ß√£o","BRL","4.8","Mata hype com negatividade. Amigos: cansados.","default","pending"
"medium","-13","42","meme","90552c1babda","RaidKing","55","Influ√™ncia","BRL","5.5","Faz raid todo dia. Retorno: nenhum.","default","pending"
"medium","-12","41","meme","aec36ed92540","BotCursor","53","Impulso","BRL","5.3","Cursor que clica sozinho. Automatiza√ß√£o da pregui√ßa.","neon","pending"
"medium","-11","39","meme","3fb0938004cb","FakeProof","50","Informa√ß√£o","BRL","5","Print forjado. ""Prova"" que n√£o prova nada.","default","pending"
"medium","-10","37","meme","18069d32ab19","CapLock","47","Impulso","BRL","4.7","CAPS LOCK travado. Civilidade: imposs√≠vel.","default","pending"
"medium","-13","43","meme","93aba45d18c1","EmojiSpam","56","Impulso","BRL","5.6","üî•üíØüòÇüëèüôè sem contexto. Comunica√ß√£o: comprometida.","default","pending"
"medium","-13","45","meme","9927533cdd92","LinkShady","58","Gan√¢ncia","BRL","5.8","Link suspeito. ""Clica que √© seguro"". Spoiler: n√£o √©.","neon","pending"
"medium","-12","40","meme","7b71a92bb383","NotifFlood","52","Impulso","BRL","5.2","Notifica√ß√µes infinitas. Sanidade: esgotada.","default","pending"
"medium","-13","44","meme","70d4855f8759","PopupHell","57","Consumo","BRL","5.7","Popup dentro de popup. UX: crime.","neon","pending"
"medium","-10","38","meme","70557fdbbb0d","AutoReply","48","Pregui√ßa","BRL","4.8","Resposta autom√°tica. Contexto: ignorado.","default","pending"
"medium","-13","42","meme","6f6d752a0198","TempUsed","55","Consumo","BRL","5.5","Template usado por 10k pessoas. Originalidade: zero.","default","pending"
"medium","-13","46","meme","881f88d50029","AlgoTrap","59","Informa√ß√£o","BRL","5.9","Armadilha algor√≠tmica. Escape: imposs√≠vel.","glow","pending"
"medium","-13","43","meme","210420ad496a","TrendQueima","56","Impulso","BRL","5.6","Trend queimado em 24h. Dura√ß√£o: ef√™mera.","neon","pending"
"medium","-12","41","meme","7acaf9ad46e9","CancelMa√ßon","53","Impulso","BRL","5.3","Cancelamento seletivo. Crit√©rio: narrativa.","default","pending"
"medium","-12","47","meme","14392379a268","RugPull","59","Gan√¢ncia","BRL","5.9","Projeto sumiu com dinheiro. ""Rug"" cl√°ssico.","glow","pending"
"medium","-11","39","meme","2016f5c015d9","BotArmy","50","Informa√ß√£o","BRL","5","Ex√©rcito de bots. Opini√£o fabricada em massa.","default","pending"
"medium","-13","45","meme","6b7bd79c7d84","MetaShift","58","Influ√™ncia","BRL","5.8","Meta mudou. Estrat√©gia: obsoleta overnight.","neon","pending"
"high","-10","72","viral","2753bcba73bd","IACopyGod","82","Informa√ß√£o","BRL","25","Copywriter que perdeu emprego pra IA. Agora vende curso de ""IA pra copys"".","glow","pending"
"high","-10","68","viral","9081b4ebdfa0","PixFlexer","78","Gan√¢ncia","BRL","22","Mostra Pix de R$50k. Real: print editado. Flex fake documentado.","glitch","pending"
"high","-10","75","viral","e681c759a281","AlgoCrown","85","Influ√™ncia","BRL","28","Dominou algoritmo. 10M views. Identidade: ref√©m do viral.","glow","pending"
"high","-10","70","viral","dcb7be8c37a3","BurnoutKing","80","Pregui√ßa","BRL","24","Burnout cr√¥nico. Reclama 24/7. Trabalha: 15h/semana.","glitch","pending"
"high","-10","76","viral","491d0d29ce39","CriptoWhale","86","Gan√¢ncia","BRL","29","Ganhou milh√µes em cripto. Perdeu tudo. Voltou. Repetiu.","ghost","pending"
"high","-10","73","viral","0274489b8a70","TrendMaker","83","Influ√™ncia","BRL","26","Cria trends. N√£o participa. Observa o caos que criou.","glow","pending"
"high","-10","69","viral","5702bea5d4fc","ToxicGuru","79","Impulso","BRL","23","Guru da toxicidade. Engajamento: √≥dio puro. Funciona.","glitch","pending"
"high","-10","71","viral","d824bbd98c0a","MemeLord","81","Informa√ß√£o","BRL","25","Rei dos memes. Criou 50 virais. Anonimato: preservado.","glow","pending"
"high","-10","74","viral","c3a7be276918","HustleMito","84","Gan√¢ncia","BRL","27","Vendeu R$10M em infoproduto. Conte√∫do: promessa vazia.","glitch","pending"
"high","-10","67","viral","5d2e9c07f0c9","DropKing","77","Gan√¢ncia","BRL","21","Dropshipping de R$100k/m√™s. Margem: 2%. Stress: 100%.","glitch","pending"
"high","-10","70","viral","eaa077d6d18c","CancelSurv","80","Impulso","BRL","24","Sobreviveu 5 cancelamentos. Imunidade: adquirida.","ghost","pending"
"high","-10","72","viral","eec4fe0e5638","ShillLegend","82","Gan√¢ncia","BRL","26","Shillou 100 projetos. 2 deram certo. ""Taxa de acerto alta"".","glow","pending"
"high","-10","68","viral","69883b1b6468","RageProfit","78","Impulso","BRL","22","Lucra com raiva alheia. Engagement: √≥dio monetizado.","glitch","pending"
"high","-10","73","viral","f2bc3a35765a","ViewAddic","83","Influ√™ncia","BRL","26","Viciado em views. Faz qualquer coisa. Limite: n√£o existe.","ghost","pending"
"high","-10","71","viral","7692af6e7be6","AlgoFalha","81","Informa√ß√£o","BRL","25","Falha algor√≠tmica. Mundos trocados. Caos tempor√°rio.","glow","pending"
"high","-10","69","viral","efbef6f8219c","ViralBug","79","Informa√ß√£o","BRL","23","Bug que viralizou. Exploit em massa. Patch: 3 dias depois.","glitch","pending"
"high","-10","74","viral","5677ae3ab40f","TrendExplos","84","Influ√™ncia","BRL","27","Trend explosivo. 100M views em 48h. Burn out coletivo.","glow","pending"
"high","-10","70","viral","c2efdcb1f75c","MetaChaos","80","Impulso","BRL","24","Meta quebrado. Tudo vi√°vel. Caos criativo tempor√°rio.","glitch","pending"
"high","-10","72","viral","c4951a6f7550","CancelWave","82","Impulso","BRL","26","Onda de cancelamento. 50 alvos. Esquecido em 1 semana.","ghost","pending"
"high","-10","68","viral","addee0ed48be","HypeStorm","78","Influ√™ncia","BRL","22","Tempestade de hype. Expectativa: imposs√≠vel de cumprir.","glow","pending"
"legend","-3","90","legendary","2a3acffd6280","AlgoRoi","93","Influ√™ncia","BRL","100","Rei do Algoritmo Vivo. Controla o feed. Todos servem.","holo","pending"
"legend","-2","88","legendary","7e55b826b166","BurnSaint","90","Pregui√ßa","BRL","80","Santo do Burnout. Transformou exaust√£o em movimento. Culto formado.","ghost","pending"
"god","-1","98","godmode","705111f69e9e","CaosDigital","99","Impulso","BRL","500","Personifica√ß√£o do Colapso da Interface. Quando algoritmo ganha consci√™ncia.","dark","pending"